-- OlympicsConnect — Demo Seed Data
-- 10 Israeli Olympic athletes for presentation

-- Insert athletes
insert into athletes (id, full_name, sport, age, city, status, gender, bio, values, avatar_url, is_verified, is_published) values
(
  'a00000001-0000-0000-0000-000000000001',
  'דיאנה סוסונוב',
  'התעמלות אמנותית',
  26, 'תל אביב', 'olympic', 'female',
  'התחלתי להתעמל בגיל 6 מאז זה הבית שלי. הדרך מלאה באתגרים, עבודה קשה והרבה אמונה בעצמי. המטרה שלי להלהיב צופים ולייצג את ישראל בגאווה.',
  ARRAY['מצוינות', 'התמדה', 'נחישות'],
  'https://images.unsplash.com/photo-1571019614242-c5c5dee9f50b?w=400&q=80',
  true, true
),
(
  'a00000001-0000-0000-0000-000000000002',
  'יונתן כהן',
  'קייקינג',
  28, 'חיפה', 'olympic', 'male',
  'הנהר הוא הבית שלי. 18 שנות אימונים יומיומיים הביאו אותי לייצג את ישראל בגביעי עולם ואולימפיאדה.',
  ARRAY['מחויבות', 'עמידה באתגרים', 'ספורטיביות'],
  'https://images.unsplash.com/photo-1559827260-dc66d52bef19?w=400&q=80',
  true, true
),
(
  'a00000001-0000-0000-0000-000000000003',
  'אנסטסיה גורבנקו',
  'שחייה',
  21, 'חולון', 'olympic', 'female',
  'שחיינית תחרותית המייצגת את ישראל בזירה הבינלאומית. מתחרה בגב ורודפת אחרי שיא אישי בכל תחרות.',
  ARRAY['שיפור מתמיד', 'אמוץ האתגר', 'ניצחון פנימי'],
  'https://images.unsplash.com/photo-1560272564-c83b66b1ad12?w=400&q=80',
  true, true
),
(
  'a00000001-0000-0000-0000-000000000004',
  'עומר גולדשטיין',
  'אופניים',
  25, 'ירושלים', 'olympic', 'male',
  'רוכב על שדות ומסלולים בכל העולם. ייצגתי את ישראל בשלוש אולימפיאדות.',
  ARRAY['עקשנות', 'פוקוס', 'ניצחון'],
  'https://images.unsplash.com/photo-1534787238916-9ba6764efd4f?w=400&q=80',
  true, true
),
(
  'a00000001-0000-0000-0000-000000000005',
  'ארטיום דולגפיאט',
  'התעמלות מכשירים',
  27, 'ראשון לציון', 'olympic', 'male',
  'מתעמל בינלאומי שייצג את ישראל בשלוש אולימפיאדות. מומחה בקרקע ובעיגול.',
  ARRAY['מדויקות', 'גמישות', 'עמידה בלחץ'],
  'https://images.unsplash.com/photo-1594737625785-a6cbdabd333c?w=400&q=80',
  true, true
),
(
  'a00000001-0000-0000-0000-000000000006',
  'שירה ראשוני',
  'גרו',
  20, 'נתניה', 'hopeful', 'female',
  'ג''ודוקאית צעירה עם פוטנציאל עצום. אלופת ישראל 3 שנים ברצף.',
  ARRAY['כבוד', 'משמעת', 'חתירה למצוינות'],
  'https://images.unsplash.com/photo-1558618666-fcd25c85cd64?w=400&q=80',
  true, true
),
(
  'a00000001-0000-0000-0000-000000000007',
  'דניאל צוקרמן',
  'טניס',
  24, 'הרצליה', 'olympic', 'male',
  'שחקן טניס ישראלי המדורג ב-TOP 100. מייצג את ישראל בגביע דייוויס.',
  ARRAY['אסטרטגיה', 'קור רוח', 'מנטליות אלוף'],
  'https://images.unsplash.com/photo-1622163642998-1ea32b0bbc67?w=400&q=80',
  true, true
),
(
  'a00000001-0000-0000-0000-000000000008',
  'קטי ספיציקוב',
  'שייט',
  22, 'חיפה', 'olympic', 'female',
  'גולשת ומפרשנית המייצגת את ישראל. אלופת ישראל פעמיים.',
  ARRAY['אומץ', 'חירות', 'חדשנות'],
  'https://images.unsplash.com/photo-1531053270060-6643c8e70e8f?w=400&q=80',
  true, true
),
(
  'a00000001-0000-0000-0000-000000000009',
  'נועה לביא',
  'אתלטיקה',
  19, 'באר שבע', 'hopeful', 'female',
  'רצה צעירה עם פוטנציאל אדיר. שיאנית ישראל ל-400 מטר בגיל 18.',
  ARRAY['מהירות', 'שאיפה', 'ביטחון עצמי'],
  'https://images.unsplash.com/photo-1517838277536-f5f99be501cd?w=400&q=80',
  false, true
),
(
  'a00000001-0000-0000-0000-000000000010',
  'אביתר כץ',
  'קייקינג',
  23, 'תל אביב', 'hopeful', 'male',
  'קייקאי צעיר ומשתפר מתחרות לתחרות.',
  ARRAY['מוטיבציה', 'צמיחה', 'ניצחון'],
  'https://images.unsplash.com/photo-1551958219-acbc595b6c6f?w=400&q=80',
  false, true
);

-- Insert achievements
insert into achievements (athlete_id, year, competition, medal, description, is_olympic) values
-- דיאנה סוסונוב
('a00000001-0000-0000-0000-000000000001', 2018, 'אליפות ישראל', 'silver', '', false),
('a00000001-0000-0000-0000-000000000001', 2019, 'מכביה', 'gold', '', false),
('a00000001-0000-0000-0000-000000000001', 2020, 'אליפות אירופה', 'bronze', '', false),
('a00000001-0000-0000-0000-000000000001', 2021, 'אולימפיאדה טוקיו', 'gold', '', true),
('a00000001-0000-0000-0000-000000000001', 2022, 'אליפות עולם', 'silver', '', false),
('a00000001-0000-0000-0000-000000000001', 2023, 'משחקים אירופאים', 'gold', '', false),
('a00000001-0000-0000-0000-000000000001', 2024, 'גביע עולם', 'gold', '', false),
-- יונתן כהן
('a00000001-0000-0000-0000-000000000002', 2019, 'אליפות אסיה', 'bronze', '', false),
('a00000001-0000-0000-0000-000000000002', 2021, 'גביע עולם', 'silver', '', false),
('a00000001-0000-0000-0000-000000000002', 2022, 'אליפות עולם', 'gold', '', false),
('a00000001-0000-0000-0000-000000000002', 2024, 'אולימפיאדה פריז', 'gold', '', true),
-- אנסטסיה גורבנקו
('a00000001-0000-0000-0000-000000000003', 2021, 'אליפות אירופה', 'silver', '', false),
('a00000001-0000-0000-0000-000000000003', 2022, 'גביע עולם', 'silver', '', false),
('a00000001-0000-0000-0000-000000000003', 2023, 'מכביה', 'bronze', '', false),
('a00000001-0000-0000-0000-000000000003', 2024, 'אולימפיאדה פריז', 'silver', '', true),
-- עומר גולדשטיין
('a00000001-0000-0000-0000-000000000004', 2018, 'גביע עולם', 'bronze', '', false),
('a00000001-0000-0000-0000-000000000004', 2019, 'אליפות אסיה', 'silver', '', false),
('a00000001-0000-0000-0000-000000000004', 2021, 'אולימפיאדה טוקיו', 'gold', '', true),
('a00000001-0000-0000-0000-000000000004', 2024, 'אולימפיאדה פריז', 'bronze', '', true),
-- ארטיום דולגפיאט
('a00000001-0000-0000-0000-000000000005', 2019, 'אליפות עולם', 'silver', '', false),
('a00000001-0000-0000-0000-000000000005', 2021, 'אולימפיאדה טוקיו', 'gold', '', true),
('a00000001-0000-0000-0000-000000000005', 2023, 'אולימפיאדה פריז', 'gold', '', true),
-- שירה ראשוני
('a00000001-0000-0000-0000-000000000006', 2021, 'אליפות ישראל', 'gold', '', false),
('a00000001-0000-0000-0000-000000000006', 2022, 'אליפות ישראל', 'gold', '', false),
('a00000001-0000-0000-0000-000000000006', 2023, 'אליפות אירופה U23', 'silver', '', false),
('a00000001-0000-0000-0000-000000000006', 2024, 'אליפות ישראל', 'gold', '', false),
-- דניאל צוקרמן
('a00000001-0000-0000-0000-000000000007', 2021, 'גביע דייוויס', 'bronze', '', false),
('a00000001-0000-0000-0000-000000000007', 2022, 'ATP 120', 'silver', '', false),
('a00000001-0000-0000-0000-000000000007', 2024, 'אולימפיאדה פריז', 'gold', '', true),
-- קטי ספיציקוב
('a00000001-0000-0000-0000-000000000008', 2020, 'אליפות ישראל', 'silver', '', false),
('a00000001-0000-0000-0000-000000000008', 2021, 'גביע עולם U23', 'gold', '', false),
('a00000001-0000-0000-0000-000000000008', 2024, 'אולימפיאדה פריז', 'gold', '', true),
-- נועה לביא
('a00000001-0000-0000-0000-000000000009', 2022, 'אליפות ישראל נוער', 'gold', '', false),
('a00000001-0000-0000-0000-000000000009', 2023, 'שיאנית ישראל 400מ', 'gold', '', false),
('a00000001-0000-0000-0000-000000000009', 2024, 'אליפות אירופה U20', 'silver', '', false),
-- אביתר כץ
('a00000001-0000-0000-0000-000000000010', 2022, 'אליפות ישראל', 'bronze', '', false),
('a00000001-0000-0000-0000-000000000010', 2023, 'גביע עולם', 'silver', '', false),
('a00000001-0000-0000-0000-000000000010', 2024, 'אליפות עולם U23', 'silver', '', false);

-- Insert coaches
insert into coaches (athlete_id, name, role) values
('a00000001-0000-0000-0000-000000000001', 'אירה וגנדר', 'מאמנת ראשית'),
('a00000001-0000-0000-0000-000000000002', 'מיכאל לוי', 'מאמן ראשי'),
('a00000001-0000-0000-0000-000000000003', 'דב שפירא', 'מאמן בכיר'),
('a00000001-0000-0000-0000-000000000004', 'רון קדם', 'מאמן אישי'),
('a00000001-0000-0000-0000-000000000005', 'ולנטין מוראב', 'מאמן ראשי'),
('a00000001-0000-0000-0000-000000000006', 'גיא שחם', 'מאמן לאומי'),
('a00000001-0000-0000-0000-000000000007', 'ניר צוקרמן', 'מאמן אישי'),
('a00000001-0000-0000-0000-000000000008', 'עמי שפר', 'מאמן ראשי'),
('a00000001-0000-0000-0000-000000000009', 'חיים גד', 'מאמן ארצי'),
('a00000001-0000-0000-0000-000000000010', 'אריה גל', 'מאמן אישי');

-- Insert active sponsor (Samsung for Diana - per mockup)
insert into sponsors (athlete_id, company_name, logo_url, start_date, is_active) values
('a00000001-0000-0000-0000-000000000001', 'Samsung', '', '2023-01-01', true);

-- Insert sample inquiries in various statuses
insert into sponsorship_inquiries (athlete_id, company_name, contact_name, contact_email, message, budget_range, status) values
('a00000001-0000-0000-0000-000000000001', 'Samsung Israel', 'יוסי כהן', 'marketing@samsung.co.il', 'אנו מחפשים שגרירת מצוינות לקמפיין Galaxy החדש.', 'enterprise', 'accepted'),
('a00000001-0000-0000-0000-000000000002', 'Bank Leumi', 'שירה גל', 'sponsor@leumi.co.il', 'מעוניינים לחסות ספורטאי בתחום הקייקינג.', 'high', 'reviewing'),
('a00000001-0000-0000-0000-000000000003', 'Maccabi Health', 'דני רוזן', 'pr@maccabi.co.il', 'קמפיין בריאות לשחייה.', 'mid', 'new'),
('a00000001-0000-0000-0000-000000000005', 'Adidas Israel', 'מיכל לוי', 'sponsor@adidas.co.il', 'מעוניינים לחסות ספורטאי התעמלות.', 'high', 'new'),
('a00000001-0000-0000-0000-000000000007', 'Wilson Tennis', 'אורן שמש', 'sponsor@wilson.com', 'שיתוף פעולה עם שחקן טניס מוביל.', 'mid', 'reviewing'),
('a00000001-0000-0000-0000-000000000008', 'Helly Hansen', 'ריצ''רד סיוון', 'pr@hellyhansen.com', 'מעוניינים בשיתוף עם ספורטאית שייט.', 'high', 'new'),
('a00000001-0000-0000-0000-000000000009', 'Nike Israel', 'עדי כהן', 'sponsor@nike.co.il', 'חסות לאתלטית צעירה עם פוטנציאל.', 'enterprise', 'new');
